mid,dcateCd,scateCd,mcateCd,lcateCd,userOrderCnt,userFirstLastOrderPeriod,orderMeanPeriod,userRecentlyOrderPeriod,alpha,beta,lambda,prob,rcp,score
5537832,4104927,3100869,2100157,1100025,2,41,41.0,41,Infinity,Infinity,NaN,NaN,0.16666666666666666,NaN
5540780,4104645,3100830,2100150,1100023,2,10,10.0,10,Infinity,Infinity,NaN,NaN,0.02666666666666667,NaN
5575335,4105036,3100889,2100164,1100027,11,1,1.0,1,Infinity,Infinity,NaN,NaN,0.016666666666666666,NaN
5582071,4102962,3100531,2100090,1100016,2,5,5.0,5,Infinity,Infinity,NaN,NaN,0.11764705882352941,NaN
5608977,232062207,232062200,232060000,232000000,2,4,4.0,4,Infinity,Infinity,NaN,NaN,0.040865384615384616,NaN
