mid,dcateCd,scateCd,mcateCd,lcateCd,userOrderCnt,userFirstLastOrderPeriod,orderMeanPeriod,userRecentlyOrderPeriod,alpha,beta,lambda,prob,rcp,score
6845526,4102985,3100534,2100090,1100016,2,2,2.0,2,Infinity,Infinity,NaN,NaN,0.06666666666666667,NaN
6878474,4105684,3100709,2100121,1100020,2,10,10.0,10,Infinity,Infinity,NaN,NaN,0.15151515151515152,NaN
6880472,4100154,3100026,2100006,1100001,2,2,2.0,2,Infinity,Infinity,NaN,NaN,0.07567567567567568,NaN
6883918,238020105,238020100,238020000,238000000,2,1,1.0,1,Infinity,Infinity,NaN,NaN,0.033426183844011144,NaN
