mid,dcateCd,scateCd,mcateCd,lcateCd,userOrderCnt,userFirstLastOrderPeriod,orderMeanPeriod,userRecentlyOrderPeriod,alpha,beta,lambda,prob,rcp,score
23828571,4102010,3100377,2100062,1100011,2,9,9.0,9,Infinity,Infinity,NaN,NaN,0.05714285714285714,NaN
23835462,238060506,238060500,238060000,238000000,2,1,1.0,1,Infinity,Infinity,NaN,NaN,0.017964071856287425,NaN
2384694,4104834,3100857,2100154,1100024,2,2,2.0,2,Infinity,Infinity,NaN,NaN,0.07692307692307693,NaN
2388313,4100562,3100109,2100189,1100002,2,1,1.0,1,Infinity,Infinity,NaN,NaN,0.03125,NaN
23993476,4104771,3100849,2100153,1100024,2,1,1.0,1,Infinity,Infinity,NaN,NaN,0.18,NaN
