mid,dcateCd,scateCd,mcateCd,lcateCd,userOrderCnt,userFirstLastOrderPeriod,orderMeanPeriod,userRecentlyOrderPeriod,alpha,beta,lambda,prob,rcp,score
7376672,4100667,3100135,2100013,1100002,2,3,3.0,3,Infinity,Infinity,NaN,NaN,0.022388059701492536,NaN
7396095,4105445,3100934,2100181,1100005,5,1,1.0,1,Infinity,Infinity,NaN,NaN,0.22727272727272727,NaN
7413593,4103804,3100960,2100186,1100017,2,1,1.0,1,Infinity,Infinity,NaN,NaN,0.021806853582554516,NaN
7424920,4100530,3100103,2100010,1100002,2,13,13.0,13,Infinity,Infinity,NaN,NaN,0.03977272727272727,NaN
