mid,dcateCd,scateCd,mcateCd,lcateCd,userOrderCnt,userFirstLastOrderPeriod,orderMeanPeriod,userRecentlyOrderPeriod,alpha,beta,lambda,prob,rcp,score
7869840,4101895,3100360,2100060,1100010,2,1,1.0,1,Infinity,Infinity,NaN,NaN,0.03225806451612903,NaN
7875973,4103984,3100702,2100121,1100020,3,7,7.0,7,Infinity,Infinity,NaN,NaN,0.058823529411764705,NaN
7877252,4100449,3100083,2100009,1100002,2,1,1.0,1,Infinity,Infinity,NaN,NaN,0.03139013452914798,NaN
7907533,4101789,3100342,2100056,1100010,2,7,7.0,7,Infinity,Infinity,NaN,NaN,0.14285714285714285,NaN
7909344,4105738,3101052,2100201,1100034,2,1,1.0,1,Infinity,Infinity,NaN,NaN,,
