mid,dcateCd,scateCd,mcateCd,lcateCd,userOrderCnt,userFirstLastOrderPeriod,orderMeanPeriod,userRecentlyOrderPeriod,alpha,beta,lambda,prob,rcp,score
7574843,4105738,3101052,2100201,1100034,2,1,1.0,1,Infinity,Infinity,NaN,NaN,,
7579728,4102443,3100449,2100076,1100013,3,3,3.0,3,Infinity,Infinity,NaN,NaN,0.08387096774193549,NaN
7635734,4102295,3100419,2100070,1100013,2,1,1.0,1,Infinity,Infinity,NaN,NaN,0.041666666666666664,NaN
7679245,4105738,3101052,2100201,1100034,2,1,1.0,1,Infinity,Infinity,NaN,NaN,,
7696130,4101791,3100342,2100056,1100010,2,2,2.0,2,Infinity,Infinity,NaN,NaN,0.11764705882352941,NaN
