mid,dcateCd,scateCd,mcateCd,lcateCd,userOrderCnt,userFirstLastOrderPeriod,orderMeanPeriod,userRecentlyOrderPeriod,alpha,beta,lambda,prob,rcp,score
1202046,4105738,3101052,2100201,1100034,2,1,1.0,1,Infinity,Infinity,NaN,NaN,,
12070080,235020403,235020400,235020000,235000000,2,7,7.0,7,Infinity,Infinity,NaN,NaN,0.07001321003963012,NaN
1208135,4101256,3100234,2100033,1100006,2,18,18.0,18,Infinity,Infinity,NaN,NaN,0.1875,NaN
12087010,4102228,3100406,2100068,1100013,2,2,2.0,2,Infinity,Infinity,NaN,NaN,0.2222222222222222,NaN
