mid,dcateCd,scateCd,mcateCd,lcateCd,userOrderCnt,userFirstLastOrderPeriod,orderMeanPeriod,userRecentlyOrderPeriod,alpha,beta,lambda,prob,rcp,score
5184199,4104557,3100815,2100146,1100023,2,3,3.0,3,Infinity,Infinity,NaN,NaN,0.16666666666666666,NaN
5200222,4100698,3100143,2100013,1100002,2,1,1.0,1,Infinity,Infinity,NaN,NaN,0.05128205128205128,NaN
5208864,4105738,3101052,2100201,1100034,2,1,1.0,1,Infinity,Infinity,NaN,NaN,,
5270679,4102285,3100417,2100070,1100013,2,31,31.0,31,Infinity,Infinity,NaN,NaN,0.07407407407407407,NaN
5331669,4101835,3100349,2100057,1100010,2,3,3.0,3,Infinity,Infinity,NaN,NaN,0.14285714285714285,NaN
