mid,dcateCd,scateCd,mcateCd,lcateCd,userOrderCnt,userFirstLastOrderPeriod,orderMeanPeriod,userRecentlyOrderPeriod,alpha,beta,lambda,prob,rcp,score
1242700,4105738,3101052,2100201,1100034,6,1,1.0,1,Infinity,Infinity,NaN,NaN,,
12432333,4103970,3100700,2100121,1100020,2,8,8.0,8,Infinity,Infinity,NaN,NaN,0.030927835051546393,NaN
12435842,232010206,232010200,232010000,232000000,2,1,1.0,1,Infinity,Infinity,NaN,NaN,0.07526881720430108,NaN
12436921,4104596,3100821,2100148,1100023,2,1,1.0,1,Infinity,Infinity,NaN,NaN,0.07272727272727272,NaN
12440829,4102457,3100452,2100077,1100013,2,22,22.0,22,Infinity,Infinity,NaN,NaN,0.056179775280898875,NaN
