mid,dcateCd,scateCd,mcateCd,lcateCd,userOrderCnt,userFirstLastOrderPeriod,orderMeanPeriod,userRecentlyOrderPeriod,alpha,beta,lambda,prob,rcp,score
1860955,232060301,232060300,232060000,232000000,2,7,7.0,7,Infinity,Infinity,NaN,NaN,0.021739130434782608,NaN
18654203,4105369,3100970,2100180,1100005,3,9,9.0,9,Infinity,Infinity,NaN,NaN,0.2,NaN
18688494,4105738,3101052,2100201,1100034,2,1,1.0,1,Infinity,Infinity,NaN,NaN,,
18769924,4100312,3100054,2100007,1100001,2,1,1.0,1,Infinity,Infinity,NaN,NaN,0.08955223880597014,NaN
18776162,233090312,233090300,233090000,233000000,2,2,2.0,2,Infinity,Infinity,NaN,NaN,0.03597122302158273,NaN
