mid,dcateCd,scateCd,mcateCd,lcateCd,userOrderCnt,userFirstLastOrderPeriod,orderMeanPeriod,userRecentlyOrderPeriod,alpha,beta,lambda,prob,rcp,score
11289167,4103627,3100642,2100106,1100026,2,1,1.0,1,Infinity,Infinity,NaN,NaN,0.028089887640449437,NaN
11297856,4105738,3101052,2100201,1100034,2,1,1.0,1,Infinity,Infinity,NaN,NaN,,
11317462,4102078,3100386,2100064,1100011,2,1,1.0,1,Infinity,Infinity,NaN,NaN,0.09210526315789473,NaN
11322539,4102783,3100500,2100081,1100014,2,2,2.0,2,Infinity,Infinity,NaN,NaN,0.0625,NaN
11391578,4101644,3100312,2100048,1100009,2,2,2.0,2,Infinity,Infinity,NaN,NaN,0.13333333333333333,NaN
