mid,dcateCd,scateCd,mcateCd,lcateCd,userOrderCnt,userFirstLastOrderPeriod,orderMeanPeriod,userRecentlyOrderPeriod,alpha,beta,lambda,prob,rcp,score
5924415,232062208,232062200,232060000,232000000,2,5,5.0,5,Infinity,Infinity,NaN,NaN,0.07168458781362007,NaN
5926963,4100662,3100133,2100013,1100002,2,1,1.0,1,Infinity,Infinity,NaN,NaN,0.03571428571428571,NaN
5962656,4101093,3100206,2100026,1100005,10,1,1.0,1,Infinity,Infinity,NaN,NaN,0.979179810725552,NaN
5978619,4104022,3100709,2100121,1100020,2,1,1.0,1,Infinity,Infinity,NaN,NaN,0.09090909090909091,NaN
