mid,dcateCd,scateCd,mcateCd,lcateCd,userOrderCnt,userFirstLastOrderPeriod,orderMeanPeriod,userRecentlyOrderPeriod,alpha,beta,lambda,prob,rcp,score
12858370,4101534,3100292,2100044,1100008,2,3,3.0,3,Infinity,Infinity,NaN,NaN,0.07575757575757576,NaN
1286457,4105738,3101052,2100201,1100034,2,1,1.0,1,Infinity,Infinity,NaN,NaN,,
12869804,4103402,3100611,2100098,1100018,2,6,6.0,6,Infinity,Infinity,NaN,NaN,0.07547169811320754,NaN
12884807,4105208,3100922,2100177,1100017,2,1,1.0,1,Infinity,Infinity,NaN,NaN,0.0970873786407767,NaN
12886726,4100271,3100047,2100008,1100001,2,12,12.0,12,Infinity,Infinity,NaN,NaN,0.02099737532808399,NaN
