mid,dcateCd,scateCd,mcateCd,lcateCd,userOrderCnt,userFirstLastOrderPeriod,orderMeanPeriod,userRecentlyOrderPeriod,alpha,beta,lambda,prob,rcp,score
24780965,4105738,3101052,2100201,1100034,2,1,1.0,1,Infinity,Infinity,NaN,NaN,,
24798985,4103969,3100700,2100121,1100020,2,2,2.0,2,Infinity,Infinity,NaN,NaN,0.02620967741935484,NaN
2480003,4104740,3100845,2100152,1100024,3,2,2.0,2,Infinity,Infinity,NaN,NaN,0.07692307692307693,NaN
24820386,4102404,3100446,2100076,1100013,2,1,1.0,1,Infinity,Infinity,NaN,NaN,0.08163265306122448,NaN
24859144,4101018,3100196,2100025,1100005,11,1,1.0,1,Infinity,Infinity,NaN,NaN,0.12658227848101267,NaN
