mid,dcateCd,scateCd,mcateCd,lcateCd,userOrderCnt,userFirstLastOrderPeriod,orderMeanPeriod,userRecentlyOrderPeriod,alpha,beta,lambda,prob,rcp,score
20934105,4104953,3100873,2100160,1100026,2,13,13.0,13,Infinity,Infinity,NaN,NaN,0.056451612903225805,NaN
20953861,4104382,3100782,2100139,1100022,2,4,4.0,4,Infinity,Infinity,NaN,NaN,0.04819277108433735,NaN
20986493,4103949,3100696,2100121,1100020,10,7,7.0,7,Infinity,Infinity,NaN,NaN,0.10256410256410256,NaN
21064953,4105076,3100896,2100167,1100027,2,5,5.0,5,Infinity,Infinity,NaN,NaN,0.10594795539033457,NaN
21095486,4100570,3100110,2100011,1100002,2,34,34.0,34,Infinity,Infinity,NaN,NaN,0.02666666666666667,NaN
