mid,dcateCd,scateCd,mcateCd,lcateCd,userOrderCnt,userFirstLastOrderPeriod,orderMeanPeriod,userRecentlyOrderPeriod,alpha,beta,lambda,prob,rcp,score
7444405,4100585,3100114,2100189,1100002,2,13,13.0,13,Infinity,Infinity,NaN,NaN,0.037267080745341616,NaN
7461014,4105738,3101052,2100201,1100034,2,1,1.0,1,Infinity,Infinity,NaN,NaN,,
7468230,4101053,3100201,2100025,1100005,2,20,20.0,20,Infinity,Infinity,NaN,NaN,0.25,NaN
7495928,4100833,3100168,2100018,1100003,2,4,4.0,4,Infinity,Infinity,NaN,NaN,0.025210084033613446,NaN
7547820,4104489,3100805,2100145,1100023,2,25,25.0,25,Infinity,Infinity,NaN,NaN,0.07142857142857142,NaN
