mid,dcateCd,scateCd,mcateCd,lcateCd,userOrderCnt,userFirstLastOrderPeriod,orderMeanPeriod,userRecentlyOrderPeriod,alpha,beta,lambda,prob,rcp,score
1498913,4102256,3100412,2100069,1100013,2,1,1.0,1,Infinity,Infinity,NaN,NaN,0.06481481481481481,NaN
1502137,4103471,3100621,2100100,1100019,3,3,3.0,3,Infinity,Infinity,NaN,NaN,0.05555555555555555,NaN
15050045,4100351,3100043,2100008,1100001,9,14,14.0,14,Infinity,Infinity,NaN,NaN,0.14285714285714285,NaN
1505168,4104328,3100767,2100136,1100022,2,1,1.0,1,Infinity,Infinity,NaN,NaN,0.047337278106508875,NaN
