mid,dcateCd,scateCd,mcateCd,lcateCd,userOrderCnt,userFirstLastOrderPeriod,orderMeanPeriod,userRecentlyOrderPeriod,alpha,beta,lambda,prob,rcp,score
22869399,4105738,3101052,2100201,1100034,2,1,1.0,1,Infinity,Infinity,NaN,NaN,,
22875089,4105738,3101052,2100201,1100034,2,1,1.0,1,Infinity,Infinity,NaN,NaN,,
22884245,4104951,3100873,2100160,1100026,4,48,48.0,48,Infinity,Infinity,NaN,NaN,0.045454545454545456,NaN
22939744,4100826,3100167,2100018,1100003,2,1,1.0,1,Infinity,Infinity,NaN,NaN,0.07758620689655173,NaN
22962179,4100230,3100040,2100006,1100001,3,18,18.0,18,Infinity,Infinity,NaN,NaN,0.10526315789473684,NaN
