mid,dcateCd,scateCd,mcateCd,lcateCd,userOrderCnt,userFirstLastOrderPeriod,orderMeanPeriod,userRecentlyOrderPeriod,alpha,beta,lambda,prob,rcp,score
22518553,4102057,3100384,2100063,1100011,2,7,7.0,7,Infinity,Infinity,NaN,NaN,0.09545454545454546,NaN
2256382,4105738,3101052,2100201,1100034,2,1,1.0,1,Infinity,Infinity,NaN,NaN,,
22589874,232071102,232071100,232070000,232000000,2,1,1.0,1,Infinity,Infinity,NaN,NaN,0.06299212598425197,NaN
22615461,239030202,239030200,239030000,239000000,2,39,39.0,39,Infinity,Infinity,NaN,NaN,0.05263157894736842,NaN
22678156,4101251,3100233,2100033,1100006,2,1,1.0,1,Infinity,Infinity,NaN,NaN,0.023809523809523808,NaN
