mid,dcateCd,scateCd,mcateCd,lcateCd,userOrderCnt,userFirstLastOrderPeriod,orderMeanPeriod,userRecentlyOrderPeriod,alpha,beta,lambda,prob,rcp,score
6537247,4100194,3100033,2100006,1100001,2,1,1.0,1,Infinity,Infinity,NaN,NaN,0.07317073170731707,NaN
6541176,4103876,3100684,2100119,1100017,3,62,62.0,62,Infinity,Infinity,NaN,NaN,0.07476635514018691,NaN
6542707,4100158,3100027,2100006,1100001,2,10,10.0,10,Infinity,Infinity,NaN,NaN,0.08333333333333333,NaN
6543569,4104855,3100845,2100152,1100024,2,12,12.0,12,Infinity,Infinity,NaN,NaN,0.04878048780487805,NaN
