mid,dcateCd,scateCd,mcateCd,lcateCd,userOrderCnt,userFirstLastOrderPeriod,orderMeanPeriod,userRecentlyOrderPeriod,alpha,beta,lambda,prob,rcp,score
22697779,4104029,3100709,2100121,1100020,2,1,1.0,1,Infinity,Infinity,NaN,NaN,0.13247863247863248,NaN
22741596,4102486,3100458,2100077,1100013,2,12,12.0,12,Infinity,Infinity,NaN,NaN,0.06756756756756757,NaN
2281479,4104796,3100853,2100153,1100024,2,1,1.0,1,Infinity,Infinity,NaN,NaN,0.056818181818181816,NaN
22818089,4102350,3100429,2100072,1100013,2,2,2.0,2,Infinity,Infinity,NaN,NaN,0.0763888888888889,NaN
