mid,dcateCd,scateCd,mcateCd,lcateCd,userOrderCnt,userFirstLastOrderPeriod,orderMeanPeriod,userRecentlyOrderPeriod,alpha,beta,lambda,prob,rcp,score
18818131,4102454,3100451,2100077,1100013,3,2,2.0,2,Infinity,Infinity,NaN,NaN,0.23529411764705882,NaN
18876433,4104184,3100736,2100128,1100021,2,6,6.0,6,Infinity,Infinity,NaN,NaN,0.04225352112676056,NaN
1889117,4105738,3101052,2100201,1100034,2,1,1.0,1,Infinity,Infinity,NaN,NaN,,
1890818,4104328,3100767,2100136,1100022,2,1,1.0,1,Infinity,Infinity,NaN,NaN,0.047337278106508875,NaN
1893100,4103277,3100589,2100095,1100018,2,29,29.0,29,Infinity,Infinity,NaN,NaN,0.08571428571428572,NaN
