mid,dcateCd,scateCd,mcateCd,lcateCd,userOrderCnt,userFirstLastOrderPeriod,orderMeanPeriod,userRecentlyOrderPeriod,alpha,beta,lambda,prob,rcp,score
3831951,4100485,3100092,2100010,1100002,2,1,1.0,1,Infinity,Infinity,NaN,NaN,0.056179775280898875,NaN
3837084,4103379,3100607,2100097,1100018,3,1,1.0,1,Infinity,Infinity,NaN,NaN,0.04,NaN
3855241,4101256,3100234,2100033,1100006,2,18,18.0,18,Infinity,Infinity,NaN,NaN,0.1875,NaN
3857643,4101020,3100196,2100025,1100005,2,8,8.0,8,Infinity,Infinity,NaN,NaN,0.08108108108108109,NaN
3880570,4105062,3100893,2100166,1100027,2,18,18.0,18,Infinity,Infinity,NaN,NaN,0.028953229398663696,NaN
