mid,dcateCd,scateCd,mcateCd,lcateCd,userOrderCnt,userFirstLastOrderPeriod,orderMeanPeriod,userRecentlyOrderPeriod,alpha,beta,lambda,prob,rcp,score
3498398,232062504,232062500,232060000,232000000,2,5,5.0,5,Infinity,Infinity,NaN,NaN,0.06821282401091405,NaN
3514363,4104447,3100797,2100142,1100023,2,27,27.0,27,Infinity,Infinity,NaN,NaN,0.03137254901960784,NaN
3518118,4103749,3100661,2100110,1100019,2,1,1.0,1,Infinity,Infinity,NaN,NaN,0.11229946524064172,NaN
3523048,4105181,3100913,2100173,1100027,2,12,12.0,12,Infinity,Infinity,NaN,NaN,0.036036036036036036,NaN
3540578,4101777,3100340,2100056,1100010,3,6,6.0,6,Infinity,Infinity,NaN,NaN,0.125,NaN
