mid,dcateCd,scateCd,mcateCd,lcateCd,userOrderCnt,userFirstLastOrderPeriod,orderMeanPeriod,userRecentlyOrderPeriod,alpha,beta,lambda,prob,rcp,score
1749557,4103399,3100611,2100098,1100018,2,54,54.0,54,Infinity,Infinity,NaN,NaN,0.06666666666666667,NaN
17497221,232063602,232063600,232060000,232000000,2,20,20.0,20,Infinity,Infinity,NaN,NaN,0.05714285714285714,NaN
17642566,4100239,3100041,2100006,1100001,2,9,9.0,9,Infinity,Infinity,NaN,NaN,0.2247191011235955,NaN
17651702,233090602,233090600,233090000,233000000,2,1,1.0,1,Infinity,Infinity,NaN,NaN,0.37755102040816324,NaN
