mid,dcateCd,scateCd,mcateCd,lcateCd,userOrderCnt,userFirstLastOrderPeriod,orderMeanPeriod,userRecentlyOrderPeriod,alpha,beta,lambda,prob,rcp,score
15188038,233020101,233020100,233020000,233000000,2,1,1.0,1,Infinity,Infinity,NaN,NaN,0.06060606060606061,NaN
1519412,4101631,3100309,2100047,1100009,2,2,2.0,2,Infinity,Infinity,NaN,NaN,0.09090909090909091,NaN
15437198,4104589,3100820,2100147,1100023,2,2,2.0,2,Infinity,Infinity,NaN,NaN,0.06578947368421052,NaN
15511727,4102317,3100423,2100070,1100013,2,2,2.0,2,Infinity,Infinity,NaN,NaN,0.041666666666666664,NaN
15542660,4102641,3100481,2100082,1100014,2,12,12.0,12,Infinity,Infinity,NaN,NaN,0.05357142857142857,NaN
