mid,dcateCd,scateCd,mcateCd,lcateCd,userOrderCnt,userFirstLastOrderPeriod,orderMeanPeriod,userRecentlyOrderPeriod,alpha,beta,lambda,prob,rcp,score
24205002,4101038,3100199,2100025,1100005,2,12,12.0,12,Infinity,Infinity,NaN,NaN,0.06930693069306931,NaN
24258677,4102497,3100461,2100077,1100013,2,21,21.0,21,Infinity,Infinity,NaN,NaN,0.044444444444444446,NaN
24269480,4104260,3100751,2100134,1100022,5,29,29.0,29,Infinity,Infinity,NaN,NaN,0.46774193548387094,NaN
24283444,4103641,3100644,2100107,1100019,2,9,9.0,9,Infinity,Infinity,NaN,NaN,0.07511737089201878,NaN
