mid,dcateCd,scateCd,mcateCd,lcateCd,userOrderCnt,userFirstLastOrderPeriod,orderMeanPeriod,userRecentlyOrderPeriod,alpha,beta,lambda,prob,rcp,score
8559591,4104048,3100713,2100122,1100020,2,1,1.0,1,Infinity,Infinity,NaN,NaN,0.10344827586206896,NaN
8574760,4104502,3100807,2100145,1100023,2,1,1.0,1,Infinity,Infinity,NaN,NaN,0.055248618784530384,NaN
8575414,4105192,3100916,2100174,1100027,2,25,25.0,25,Infinity,Infinity,NaN,NaN,0.06766917293233082,NaN
8575805,4105738,3101052,2100201,1100034,2,1,1.0,1,Infinity,Infinity,NaN,NaN,,
8594588,4105738,3101052,2100201,1100034,2,1,1.0,1,Infinity,Infinity,NaN,NaN,,
