mid,dcateCd,scateCd,mcateCd,lcateCd,userOrderCnt,userFirstLastOrderPeriod,orderMeanPeriod,userRecentlyOrderPeriod,alpha,beta,lambda,prob,rcp,score
19228712,4101778,3100341,2100056,1100010,2,4,4.0,4,Infinity,Infinity,NaN,NaN,0.25,NaN
1929273,4105738,3101052,2100201,1100034,2,1,1.0,1,Infinity,Infinity,NaN,NaN,,
19309522,4103421,3100615,2100098,1100018,2,2,2.0,2,Infinity,Infinity,NaN,NaN,0.08955223880597014,NaN
19405977,4104219,3100743,2100131,1100022,3,3,3.0,3,Infinity,Infinity,NaN,NaN,0.033444816053511704,NaN
19413832,238010204,238010200,238010000,238000000,2,1,1.0,1,Infinity,Infinity,NaN,NaN,0.09027777777777778,NaN
