mid,dcateCd,scateCd,mcateCd,lcateCd,userOrderCnt,userFirstLastOrderPeriod,orderMeanPeriod,userRecentlyOrderPeriod,alpha,beta,lambda,prob,rcp,score
24172202,4105660,3100958,2100186,1100017,4,9,9.0,9,Infinity,Infinity,NaN,NaN,0.3333333333333333,NaN
2417346,4105230,3101002,2100022,1100004,2,16,16.0,16,Infinity,Infinity,NaN,NaN,0.06557377049180328,NaN
24179756,4101438,3100272,2100039,1100007,2,5,5.0,5,Infinity,Infinity,NaN,NaN,0.21428571428571427,NaN
24184530,4102161,3100396,2100065,1100011,2,1,1.0,1,Infinity,Infinity,NaN,NaN,0.0891089108910891,NaN
24197004,4103946,3100696,2100121,1100020,4,63,63.0,63,Infinity,Infinity,NaN,NaN,0.05128205128205128,NaN
