mid,dcateCd,scateCd,mcateCd,lcateCd,userOrderCnt,userFirstLastOrderPeriod,orderMeanPeriod,userRecentlyOrderPeriod,alpha,beta,lambda,prob,rcp,score
10337967,4105738,3101052,2100201,1100034,2,1,1.0,1,Infinity,Infinity,NaN,NaN,,
10462818,4102693,3100489,2100084,1100014,2,7,7.0,7,Infinity,Infinity,NaN,NaN,0.05970149253731343,NaN
10481533,4105738,3101052,2100201,1100034,2,1,1.0,1,Infinity,Infinity,NaN,NaN,,
10507275,4101707,3100325,2100051,1100010,2,23,23.0,23,Infinity,Infinity,NaN,NaN,0.06060606060606061,NaN
10550536,4100114,3100018,2100005,1100000,2,1,1.0,1,Infinity,Infinity,NaN,NaN,0.016666666666666666,NaN
