mid,dcateCd,scateCd,mcateCd,lcateCd,userOrderCnt,userFirstLastOrderPeriod,orderMeanPeriod,userRecentlyOrderPeriod,alpha,beta,lambda,prob,rcp,score
24314169,4104058,3100715,2100122,1100020,2,5,5.0,5,Infinity,Infinity,NaN,NaN,0.20634920634920634,NaN
24391716,4104313,3100763,2100136,1100022,2,5,5.0,5,Infinity,Infinity,NaN,NaN,0.06521739130434782,NaN
24397173,232050503,232050500,232050000,232000000,2,2,2.0,2,Infinity,Infinity,NaN,NaN,0.013888888888888888,NaN
24432983,4100563,3100109,2100189,1100002,2,1,1.0,1,Infinity,Infinity,NaN,NaN,0.17105263157894737,NaN
24437906,4103776,3100667,2100113,1100020,2,1,1.0,1,Infinity,Infinity,NaN,NaN,0.07352941176470588,NaN
