mid,dcateCd,scateCd,mcateCd,lcateCd,userOrderCnt,userFirstLastOrderPeriod,orderMeanPeriod,userRecentlyOrderPeriod,alpha,beta,lambda,prob,rcp,score
1817358,4105738,3101052,2100201,1100034,2,1,1.0,1,Infinity,Infinity,NaN,NaN,,
18181357,4104670,3100833,2100150,1100023,2,1,1.0,1,Infinity,Infinity,NaN,NaN,0.0855614973262032,NaN
18191731,4100220,3100038,2100006,1100001,3,5,5.0,5,Infinity,Infinity,NaN,NaN,0.04516129032258064,NaN
1820372,4100805,3100164,2100017,1100003,4,2,2.0,2,Infinity,Infinity,NaN,NaN,0.046153846153846156,NaN
