mid,dcateCd,scateCd,mcateCd,lcateCd,userOrderCnt,userFirstLastOrderPeriod,orderMeanPeriod,userRecentlyOrderPeriod,alpha,beta,lambda,prob,rcp,score
1262269,4105738,3101052,2100201,1100034,5,1,1.0,1,Infinity,Infinity,NaN,NaN,,
12652390,4105678,3100709,2100121,1100020,3,4,4.0,4,Infinity,Infinity,NaN,NaN,0.11904761904761904,NaN
12692470,4102069,3100386,2100064,1100011,2,1,1.0,1,Infinity,Infinity,NaN,NaN,0.25,NaN
12715213,4105191,3100916,2100174,1100027,2,4,4.0,4,Infinity,Infinity,NaN,NaN,0.03225806451612903,NaN
1271664,4105738,3101052,2100201,1100034,2,1,1.0,1,Infinity,Infinity,NaN,NaN,,
