mid,dcateCd,scateCd,mcateCd,lcateCd,userOrderCnt,userFirstLastOrderPeriod,orderMeanPeriod,userRecentlyOrderPeriod,alpha,beta,lambda,prob,rcp,score
6192695,4100915,3100180,2100021,1100004,2,1,1.0,1,Infinity,Infinity,NaN,NaN,0.06172839506172839,NaN
6246899,4103075,3100555,2100093,1100017,2,1,1.0,1,Infinity,Infinity,NaN,NaN,0.08974358974358974,NaN
6253868,233090605,233090600,233090000,233000000,2,1,1.0,1,Infinity,Infinity,NaN,NaN,0.14380530973451328,NaN
6279778,4103846,3100680,2100116,1100020,2,2,2.0,2,Infinity,Infinity,NaN,NaN,0.04918032786885246,NaN
6294644,4101128,3100211,2100028,1100005,2,1,1.0,1,Infinity,Infinity,NaN,NaN,0.1076923076923077,NaN
