mid,dcateCd,scateCd,mcateCd,lcateCd,userOrderCnt,userFirstLastOrderPeriod,orderMeanPeriod,userRecentlyOrderPeriod,alpha,beta,lambda,prob,rcp,score
3137064,4102001,3100375,2100062,1100011,2,1,1.0,1,Infinity,Infinity,NaN,NaN,,
3143390,238050402,238050400,238050000,238000000,2,2,2.0,2,Infinity,Infinity,NaN,NaN,0.030927835051546393,NaN
3150445,4105738,3101052,2100201,1100034,2,1,1.0,1,Infinity,Infinity,NaN,NaN,,
3166290,4102900,3100521,2100089,1100016,2,3,3.0,3,Infinity,Infinity,NaN,NaN,0.03875968992248062,NaN
3171210,4105738,3101052,2100201,1100034,2,1,1.0,1,Infinity,Infinity,NaN,NaN,,
