mid,dcateCd,scateCd,mcateCd,lcateCd,userOrderCnt,userFirstLastOrderPeriod,orderMeanPeriod,userRecentlyOrderPeriod,alpha,beta,lambda,prob,rcp,score
8511704,4104220,3100743,2100131,1100022,2,1,1.0,1,Infinity,Infinity,NaN,NaN,0.021052631578947368,NaN
8518021,235060104,235060100,235060000,235000000,2,1,1.0,1,Infinity,Infinity,NaN,NaN,0.09363295880149813,NaN
8533457,4102731,3100493,2100080,1100014,2,27,27.0,27,Infinity,Infinity,NaN,NaN,0.022727272727272728,NaN
8543006,239020607,239020600,239020000,239000000,2,2,2.0,2,Infinity,Infinity,NaN,NaN,0.07407407407407407,NaN
8548729,239010705,239010700,239010000,239000000,2,1,1.0,1,Infinity,Infinity,NaN,NaN,0.10309278350515463,NaN
