mid,dcateCd,scateCd,mcateCd,lcateCd,userOrderCnt,userFirstLastOrderPeriod,orderMeanPeriod,userRecentlyOrderPeriod,alpha,beta,lambda,prob,rcp,score
1766022,4103764,3100955,2100185,1100017,4,11,11.0,11,Infinity,Infinity,NaN,NaN,0.0457516339869281,NaN
17698361,4104957,3100874,2100160,1100026,2,2,2.0,2,Infinity,Infinity,NaN,NaN,0.10588235294117647,NaN
17734132,4100381,3100066,2100009,1100002,2,2,2.0,2,Infinity,Infinity,NaN,NaN,0.08088235294117647,NaN
17753030,4105205,3100922,2100177,1100017,3,25,25.0,25,Infinity,Infinity,NaN,NaN,0.0196078431372549,NaN
17827233,4102588,3100474,2100078,1100013,2,1,1.0,1,Infinity,Infinity,NaN,NaN,0.024793388429752067,NaN
