mid,dcateCd,scateCd,mcateCd,lcateCd,userOrderCnt,userFirstLastOrderPeriod,orderMeanPeriod,userRecentlyOrderPeriod,alpha,beta,lambda,prob,rcp,score
8097565,4102810,3100504,2100085,1100014,11,1,1.0,1,Infinity,Infinity,NaN,NaN,0.1232876712328767,NaN
8105381,4103145,3100567,2100093,1100017,2,63,63.0,63,Infinity,Infinity,NaN,NaN,0.09701492537313433,NaN
8116706,232062801,232062800,232060000,232000000,2,11,11.0,11,Infinity,Infinity,NaN,NaN,0.04664723032069971,NaN
8120459,4102429,3100448,2100076,1100013,2,3,3.0,3,Infinity,Infinity,NaN,NaN,0.08088235294117647,NaN
8122132,4104879,3100862,2100154,1100024,2,4,4.0,4,Infinity,Infinity,NaN,NaN,0.08333333333333333,NaN
