mid,dcateCd,scateCd,mcateCd,lcateCd,userOrderCnt,userFirstLastOrderPeriod,orderMeanPeriod,userRecentlyOrderPeriod,alpha,beta,lambda,prob,rcp,score
6735337,233080124,233080100,233080000,233000000,2,1,1.0,1,Infinity,Infinity,NaN,NaN,0.029747596153846152,NaN
6750404,4102529,3100465,2100077,1100013,2,1,1.0,1,Infinity,Infinity,NaN,NaN,0.026119402985074626,NaN
6788122,4103858,3100681,2100117,1100017,2,1,1.0,1,Infinity,Infinity,NaN,NaN,0.030303030303030304,NaN
6794268,4105079,3100897,2100167,1100027,2,6,6.0,6,Infinity,Infinity,NaN,NaN,0.058333333333333334,NaN
6802193,4101030,3100198,2100025,1100005,2,42,42.0,42,Infinity,Infinity,NaN,NaN,0.0273972602739726,NaN
