mid,dcateCd,scateCd,mcateCd,lcateCd,userOrderCnt,userFirstLastOrderPeriod,orderMeanPeriod,userRecentlyOrderPeriod,alpha,beta,lambda,prob,rcp,score
9043264,4105738,3101052,2100201,1100034,2,1,1.0,1,Infinity,Infinity,NaN,NaN,,
9058635,4104705,3100840,2100152,1100024,2,1,1.0,1,Infinity,Infinity,NaN,NaN,0.27358490566037735,NaN
9093789,4101810,3100345,2100056,1100010,2,3,3.0,3,Infinity,Infinity,NaN,NaN,,
9105323,4101047,3100200,2100025,1100005,2,22,22.0,22,Infinity,Infinity,NaN,NaN,0.07352941176470588,NaN
9108398,4100114,3100018,2100005,1100000,3,1,1.0,1,Infinity,Infinity,NaN,NaN,0.016666666666666666,NaN
