mid,dcateCd,scateCd,mcateCd,lcateCd,userOrderCnt,userFirstLastOrderPeriod,orderMeanPeriod,userRecentlyOrderPeriod,alpha,beta,lambda,prob,rcp,score
10118187,4103867,3100683,2100119,1100017,2,7,7.0,7,Infinity,Infinity,NaN,NaN,0.11494252873563218,NaN
10132208,4102468,3100454,2100077,1100013,2,6,6.0,6,Infinity,Infinity,NaN,NaN,0.030303030303030304,NaN
10188557,232040111,232040100,232040000,232000000,2,28,28.0,28,Infinity,Infinity,NaN,NaN,0.0967741935483871,NaN
10190522,235040302,235040300,235040000,235000000,4,7,7.0,7,Infinity,Infinity,NaN,NaN,0.2608695652173913,NaN
10201199,4105738,3101052,2100201,1100034,4,1,1.0,1,Infinity,Infinity,NaN,NaN,,
