mid,dcateCd,scateCd,mcateCd,lcateCd,userOrderCnt,userFirstLastOrderPeriod,orderMeanPeriod,userRecentlyOrderPeriod,alpha,beta,lambda,prob,rcp,score
2085468,4103075,3100555,2100093,1100017,2,1,1.0,1,Infinity,Infinity,NaN,NaN,0.08974358974358974,NaN
20865850,4105685,3100709,2100121,1100020,2,2,2.0,2,Infinity,Infinity,NaN,NaN,0.038461538461538464,NaN
20873860,4104894,3100864,2100154,1100024,2,1,1.0,1,Infinity,Infinity,NaN,NaN,0.045454545454545456,NaN
2088942,4100499,3100095,2100010,1100002,2,1,1.0,1,Infinity,Infinity,NaN,NaN,0.01639344262295082,NaN
20932826,4101997,3100375,2100062,1100011,2,1,1.0,1,Infinity,Infinity,NaN,NaN,0.04054054054054054,NaN
