mid,dcateCd,scateCd,mcateCd,lcateCd,userOrderCnt,userFirstLastOrderPeriod,orderMeanPeriod,userRecentlyOrderPeriod,alpha,beta,lambda,prob,rcp,score
25437071,4105738,3101052,2100201,1100034,5,1,1.0,1,Infinity,Infinity,NaN,NaN,,
25454397,4101683,3100321,2100050,1100009,2,15,15.0,15,Infinity,Infinity,NaN,NaN,0.03571428571428571,NaN
25497144,4100467,3100087,2100010,1100002,2,1,1.0,1,Infinity,Infinity,NaN,NaN,0.125,NaN
25517409,233010207,233010200,233010000,233000000,2,2,2.0,2,Infinity,Infinity,NaN,NaN,0.04390243902439024,NaN
25564315,4102184,3100399,2100066,1100012,2,43,43.0,43,Infinity,Infinity,NaN,NaN,0.05263157894736842,NaN
