mid,dcateCd,scateCd,mcateCd,lcateCd,userOrderCnt,userFirstLastOrderPeriod,orderMeanPeriod,userRecentlyOrderPeriod,alpha,beta,lambda,prob,rcp,score
2586263,238010204,238010200,238010000,238000000,3,1,1.0,1,Infinity,Infinity,NaN,NaN,0.09027777777777778,NaN
25881051,4105324,3100930,2100179,1100005,12,1,1.0,1,Infinity,Infinity,NaN,NaN,0.4,NaN
25897298,4101664,3100316,2100049,1100009,2,1,1.0,1,Infinity,Infinity,NaN,NaN,0.0967741935483871,NaN
2590391,4105738,3101052,2100201,1100034,2,1,1.0,1,Infinity,Infinity,NaN,NaN,,
2600694,4105738,3101052,2100201,1100034,2,1,1.0,1,Infinity,Infinity,NaN,NaN,,
