mid,dcateCd,scateCd,mcateCd,lcateCd,userOrderCnt,userFirstLastOrderPeriod,orderMeanPeriod,userRecentlyOrderPeriod,alpha,beta,lambda,prob,rcp,score
24066681,4100435,3100079,2100009,1100002,2,10,10.0,10,Infinity,Infinity,NaN,NaN,0.10759493670886076,NaN
24098268,231010603,231010600,231010000,231000000,2,9,9.0,9,Infinity,Infinity,NaN,NaN,0.1437908496732026,NaN
24140109,4102221,3100405,2100068,1100013,4,1,1.0,1,Infinity,Infinity,NaN,NaN,0.07692307692307693,NaN
24157164,4103384,3100609,2100098,1100018,2,15,15.0,15,Infinity,Infinity,NaN,NaN,0.04,NaN
24159136,4101283,3100240,2100033,1100006,2,1,1.0,1,Infinity,Infinity,NaN,NaN,0.09523809523809523,NaN
