mid,dcateCd,scateCd,mcateCd,lcateCd,userOrderCnt,userFirstLastOrderPeriod,orderMeanPeriod,userRecentlyOrderPeriod,alpha,beta,lambda,prob,rcp,score
17045309,4102545,3100469,2100077,1100013,2,41,41.0,41,Infinity,Infinity,NaN,NaN,0.21008403361344538,NaN
17155958,233010204,233010200,233010000,233000000,3,5,5.0,5,Infinity,Infinity,NaN,NaN,0.045563549160671464,NaN
17156890,4102742,3100494,2100080,1100014,4,1,1.0,1,Infinity,Infinity,NaN,NaN,0.1111111111111111,NaN
1719406,4100173,3100029,2100006,1100001,2,2,2.0,2,Infinity,Infinity,NaN,NaN,0.045454545454545456,NaN
