mid,dcateCd,scateCd,mcateCd,lcateCd,userOrderCnt,userFirstLastOrderPeriod,orderMeanPeriod,userRecentlyOrderPeriod,alpha,beta,lambda,prob,rcp,score
2450329,4105738,3101052,2100201,1100034,2,1,1.0,1,Infinity,Infinity,NaN,NaN,,
2451308,4102234,3100408,2100069,1100013,2,7,7.0,7,Infinity,Infinity,NaN,NaN,0.05,NaN
24519178,4100811,3100165,2100017,1100003,2,22,22.0,22,Infinity,Infinity,NaN,NaN,0.06451612903225806,NaN
2453456,4100999,3100194,2100025,1100005,2,24,24.0,24,Infinity,Infinity,NaN,NaN,0.2222222222222222,NaN
24545889,4102057,3100384,2100063,1100011,2,7,7.0,7,Infinity,Infinity,NaN,NaN,0.09545454545454546,NaN
