mid,dcateCd,scateCd,mcateCd,lcateCd,userOrderCnt,userFirstLastOrderPeriod,orderMeanPeriod,userRecentlyOrderPeriod,alpha,beta,lambda,prob,rcp,score
10293497,4103666,3100647,2100108,1100019,2,51,51.0,51,Infinity,Infinity,NaN,NaN,0.02564102564102564,NaN
10307533,4101624,3100308,2100047,1100009,3,35,35.0,35,Infinity,Infinity,NaN,NaN,0.16279069767441862,NaN
10308987,4105134,3100906,2100171,1100027,2,2,2.0,2,Infinity,Infinity,NaN,NaN,0.02666666666666667,NaN
10331407,4104684,3100836,2100151,1100024,3,7,7.0,7,Infinity,Infinity,NaN,NaN,0.048034934497816595,NaN
