mid,dcateCd,scateCd,mcateCd,lcateCd,userOrderCnt,userFirstLastOrderPeriod,orderMeanPeriod,userRecentlyOrderPeriod,alpha,beta,lambda,prob,rcp,score
16501215,4105738,3101052,2100201,1100034,3,1,1.0,1,Infinity,Infinity,NaN,NaN,,
16515763,238080402,238080400,238080000,238000000,2,1,1.0,1,Infinity,Infinity,NaN,NaN,0.013238289205702648,NaN
1653390,4102902,3100522,2100089,1100016,2,2,2.0,2,Infinity,Infinity,NaN,NaN,0.038461538461538464,NaN
16535562,4104705,3100840,2100152,1100024,2,1,1.0,1,Infinity,Infinity,NaN,NaN,0.27358490566037735,NaN
16553398,4105738,3101052,2100201,1100034,2,1,1.0,1,Infinity,Infinity,NaN,NaN,,
