mid,dcateCd,scateCd,mcateCd,lcateCd,userOrderCnt,userFirstLastOrderPeriod,orderMeanPeriod,userRecentlyOrderPeriod,alpha,beta,lambda,prob,rcp,score
2190789,4103405,3100613,2100098,1100018,2,1,1.0,1,Infinity,Infinity,NaN,NaN,0.03125,NaN
21948801,4101199,3100224,2100032,1100006,2,2,2.0,2,Infinity,Infinity,NaN,NaN,0.05970149253731343,NaN
21997754,4104960,3100875,2100160,1100026,2,1,1.0,1,Infinity,Infinity,NaN,NaN,0.125,NaN
22030858,4104695,3100838,2100151,1100024,2,8,8.0,8,Infinity,Infinity,NaN,NaN,0.07692307692307693,NaN
22051835,4101123,3100211,2100028,1100005,3,1,1.0,1,Infinity,Infinity,NaN,NaN,0.09803921568627451,NaN
