mid,dcateCd,scateCd,mcateCd,lcateCd,userOrderCnt,userFirstLastOrderPeriod,orderMeanPeriod,userRecentlyOrderPeriod,alpha,beta,lambda,prob,rcp,score
11677122,4104329,3100767,2100136,1100022,2,1,1.0,1,Infinity,Infinity,NaN,NaN,0.05555555555555555,NaN
11722125,4105111,3100902,2100169,1100027,3,13,13.0,13,Infinity,Infinity,NaN,NaN,0.06598984771573604,NaN
11727105,4105238,3100184,2100023,1100005,2,2,2.0,2,Infinity,Infinity,NaN,NaN,0.08771929824561403,NaN
11751650,4103185,3100575,2100095,1100018,2,1,1.0,1,Infinity,Infinity,NaN,NaN,0.10526315789473684,NaN
