mid,dcateCd,scateCd,mcateCd,lcateCd,userOrderCnt,userFirstLastOrderPeriod,orderMeanPeriod,userRecentlyOrderPeriod,alpha,beta,lambda,prob,rcp,score
25606852,4100551,3100106,2100011,1100002,2,1,1.0,1,Infinity,Infinity,NaN,NaN,0.06912442396313365,NaN
25665380,4104963,3100876,2100160,1100026,2,27,27.0,27,Infinity,Infinity,NaN,NaN,0.026490066225165563,NaN
25666929,4103230,3100581,2100095,1100018,2,2,2.0,2,Infinity,Infinity,NaN,NaN,1.0,NaN
25675820,4104261,3100751,2100134,1100022,3,1,1.0,1,Infinity,Infinity,NaN,NaN,0.08571428571428572,NaN
25684483,235020108,235020100,235020000,235000000,2,42,42.0,42,Infinity,Infinity,NaN,NaN,0.05194805194805195,NaN
