mid,dcateCd,scateCd,mcateCd,lcateCd,userOrderCnt,userFirstLastOrderPeriod,orderMeanPeriod,userRecentlyOrderPeriod,alpha,beta,lambda,prob,rcp,score
3070893,4100655,3100131,2100013,1100002,2,5,5.0,5,Infinity,Infinity,NaN,NaN,0.02527646129541864,NaN
3075023,4103052,3100549,2100092,1100017,2,55,55.0,55,Infinity,Infinity,NaN,NaN,0.0891089108910891,NaN
3076182,4101670,3100317,2100049,1100009,2,2,2.0,2,Infinity,Infinity,NaN,NaN,0.08275862068965517,NaN
3082534,4105377,3100970,2100180,1100005,2,15,15.0,15,Infinity,Infinity,NaN,NaN,0.25,NaN
3091218,4101978,3100373,2100062,1100011,2,6,6.0,6,Infinity,Infinity,NaN,NaN,0.0851063829787234,NaN
