mid,dcateCd,scateCd,mcateCd,lcateCd,userOrderCnt,userFirstLastOrderPeriod,orderMeanPeriod,userRecentlyOrderPeriod,alpha,beta,lambda,prob,rcp,score
25015671,4100043,3100007,2100002,1100000,2,26,26.0,26,Infinity,Infinity,NaN,NaN,0.05660377358490566,NaN
25066192,4104259,3100751,2100134,1100022,4,1,1.0,1,Infinity,Infinity,NaN,NaN,0.3333333333333333,NaN
2506933,4101976,3100373,2100062,1100011,2,2,2.0,2,Infinity,Infinity,NaN,NaN,0.17073170731707318,NaN
25137186,4103359,3100604,2100097,1100018,2,3,3.0,3,Infinity,Infinity,NaN,NaN,0.09090909090909091,NaN
