mid,dcateCd,scateCd,mcateCd,lcateCd,userOrderCnt,userFirstLastOrderPeriod,orderMeanPeriod,userRecentlyOrderPeriod,alpha,beta,lambda,prob,rcp,score
4601292,4104338,3100769,2100136,1100022,2,1,1.0,1,Infinity,Infinity,NaN,NaN,0.047244094488188976,NaN
4625158,4105738,3101052,2100201,1100034,2,1,1.0,1,Infinity,Infinity,NaN,NaN,,
4681744,4102591,3100172,2100020,1100004,2,1,1.0,1,Infinity,Infinity,NaN,NaN,0.03879310344827586,NaN
4700989,4104946,3100873,2100160,1100026,4,2,2.0,2,Infinity,Infinity,NaN,NaN,0.17297297297297298,NaN
4729847,4103830,3100678,2100115,1100017,2,1,1.0,1,Infinity,Infinity,NaN,NaN,0.0989010989010989,NaN
