mid,dcateCd,scateCd,mcateCd,lcateCd,userOrderCnt,userFirstLastOrderPeriod,orderMeanPeriod,userRecentlyOrderPeriod,alpha,beta,lambda,prob,rcp,score
3658552,4101690,3100323,2100051,1100010,3,1,1.0,1,Infinity,Infinity,NaN,NaN,0.027777777777777776,NaN
3662847,232062802,232062800,232060000,232000000,2,1,1.0,1,Infinity,Infinity,NaN,NaN,0.05622489959839357,NaN
3664289,4105738,3101052,2100201,1100034,2,1,1.0,1,Infinity,Infinity,NaN,NaN,,
3674456,4105738,3101052,2100201,1100034,2,1,1.0,1,Infinity,Infinity,NaN,NaN,,
3675090,4102359,3100433,2100073,1100013,2,6,6.0,6,Infinity,Infinity,NaN,NaN,0.024691358024691357,NaN
