mid,dcateCd,scateCd,mcateCd,lcateCd,userOrderCnt,userFirstLastOrderPeriod,orderMeanPeriod,userRecentlyOrderPeriod,alpha,beta,lambda,prob,rcp,score
19440292,4100679,3100138,2100013,1100002,2,8,8.0,8,Infinity,Infinity,NaN,NaN,0.017241379310344827,NaN
19489184,4105738,3101052,2100201,1100034,2,1,1.0,1,Infinity,Infinity,NaN,NaN,,
19517738,4104509,3100808,2100142,1100023,2,6,6.0,6,Infinity,Infinity,NaN,NaN,0.041666666666666664,NaN
19526713,4105738,3101052,2100201,1100034,2,1,1.0,1,Infinity,Infinity,NaN,NaN,,
