mid,dcateCd,scateCd,mcateCd,lcateCd,userOrderCnt,userFirstLastOrderPeriod,orderMeanPeriod,userRecentlyOrderPeriod,alpha,beta,lambda,prob,rcp,score
4209638,4100235,3100040,2100006,1100001,2,1,1.0,1,Infinity,Infinity,NaN,NaN,0.08653846153846154,NaN
4212550,4103409,3100613,2100098,1100018,2,1,1.0,1,Infinity,Infinity,NaN,NaN,0.041666666666666664,NaN
4253007,4105738,3101052,2100201,1100034,2,1,1.0,1,Infinity,Infinity,NaN,NaN,,
4276528,4100195,3100033,2100006,1100001,2,1,1.0,1,Infinity,Infinity,NaN,NaN,0.11688311688311688,NaN
