mid,dcateCd,scateCd,mcateCd,lcateCd,userOrderCnt,userFirstLastOrderPeriod,orderMeanPeriod,userRecentlyOrderPeriod,alpha,beta,lambda,prob,rcp,score
5826898,4105139,3100907,2100171,1100027,2,5,5.0,5,Infinity,Infinity,NaN,NaN,0.125,NaN
5844828,4101968,3100371,2100062,1100011,2,6,6.0,6,Infinity,Infinity,NaN,NaN,0.16666666666666666,NaN
5866382,4102742,3100494,2100080,1100014,2,1,1.0,1,Infinity,Infinity,NaN,NaN,0.1111111111111111,NaN
5874064,4103141,3100566,2100093,1100017,2,1,1.0,1,Infinity,Infinity,NaN,NaN,0.03208556149732621,NaN
5894245,4102930,3100527,2100089,1100016,2,6,6.0,6,Infinity,Infinity,NaN,NaN,0.07627118644067797,NaN
