mid,dcateCd,scateCd,mcateCd,lcateCd,userOrderCnt,userFirstLastOrderPeriod,orderMeanPeriod,userRecentlyOrderPeriod,alpha,beta,lambda,prob,rcp,score
17860992,4105738,3101052,2100201,1100034,2,1,1.0,1,Infinity,Infinity,NaN,NaN,,
17878200,4104716,3100841,2100152,1100024,2,2,2.0,2,Infinity,Infinity,NaN,NaN,0.06280193236714976,NaN
17889623,4105156,3100910,2100171,1100027,3,1,1.0,1,Infinity,Infinity,NaN,NaN,0.09803921568627451,NaN
17895932,4105738,3101052,2100201,1100034,2,1,1.0,1,Infinity,Infinity,NaN,NaN,,
17914002,4104094,3100721,2100124,1100020,4,5,5.0,5,Infinity,Infinity,NaN,NaN,0.23076923076923078,NaN
