mid,dcateCd,scateCd,mcateCd,lcateCd,userOrderCnt,userFirstLastOrderPeriod,orderMeanPeriod,userRecentlyOrderPeriod,alpha,beta,lambda,prob,rcp,score
4156423,4104827,3100857,2100154,1100024,2,14,14.0,14,Infinity,Infinity,NaN,NaN,0.07142857142857142,NaN
4177618,4105212,3100922,2100177,1100017,2,1,1.0,1,Infinity,Infinity,NaN,NaN,0.25,NaN
4185489,4100381,3100066,2100009,1100002,2,2,2.0,2,Infinity,Infinity,NaN,NaN,0.08088235294117647,NaN
4187929,4105738,3101052,2100201,1100034,2,1,1.0,1,Infinity,Infinity,NaN,NaN,,
4199503,4102248,3100411,2100069,1100013,2,37,37.0,37,Infinity,Infinity,NaN,NaN,0.06,NaN
