mid,dcateCd,scateCd,mcateCd,lcateCd,userOrderCnt,userFirstLastOrderPeriod,orderMeanPeriod,userRecentlyOrderPeriod,alpha,beta,lambda,prob,rcp,score
6544108,4105738,3101052,2100201,1100034,2,1,1.0,1,Infinity,Infinity,NaN,NaN,,
6556777,4105738,3101052,2100201,1100034,2,1,1.0,1,Infinity,Infinity,NaN,NaN,,
6563009,4101417,3100270,2100039,1100007,3,5,5.0,5,Infinity,Infinity,NaN,NaN,0.1111111111111111,NaN
6592313,4100573,3100111,2100189,1100002,2,3,3.0,3,Infinity,Infinity,NaN,NaN,0.009708737864077669,NaN
6609877,4103867,3100683,2100119,1100017,2,7,7.0,7,Infinity,Infinity,NaN,NaN,0.11494252873563218,NaN
