mid,dcateCd,scateCd,mcateCd,lcateCd,userOrderCnt,userFirstLastOrderPeriod,orderMeanPeriod,userRecentlyOrderPeriod,alpha,beta,lambda,prob,rcp,score
3926136,4104353,3100773,2100137,1100022,3,1,1.0,1,Infinity,Infinity,NaN,NaN,0.07092198581560284,NaN
3942107,4102671,3100486,2100083,1100014,2,6,6.0,6,Infinity,Infinity,NaN,NaN,0.23076923076923078,NaN
3972935,4105738,3101052,2100201,1100034,2,1,1.0,1,Infinity,Infinity,NaN,NaN,,
3978633,4101093,3100206,2100026,1100005,27,1,1.0,1,Infinity,Infinity,NaN,NaN,0.979179810725552,NaN
3985830,4105406,3100975,2100180,1100005,2,1,1.0,1,Infinity,Infinity,NaN,NaN,0.1,NaN
3985830,4105330,3100964,2100180,1100005,4,1,1.0,1,Infinity,Infinity,NaN,NaN,0.2,NaN
