mid,dcateCd,scateCd,mcateCd,lcateCd,userOrderCnt,userFirstLastOrderPeriod,orderMeanPeriod,userRecentlyOrderPeriod,alpha,beta,lambda,prob,rcp,score
7018966,4105738,3101052,2100201,1100034,2,1,1.0,1,Infinity,Infinity,NaN,NaN,,
7078664,4102997,3100536,2100090,1100016,6,1,1.0,1,Infinity,Infinity,NaN,NaN,0.04608294930875576,NaN
7167548,4103245,3100583,2100095,1100018,2,25,25.0,25,Infinity,Infinity,NaN,NaN,0.07246376811594203,NaN
7205361,4102471,3100455,2100077,1100013,2,4,4.0,4,Infinity,Infinity,NaN,NaN,0.17391304347826086,NaN
7205361,4102475,3100456,2100077,1100013,5,4,4.0,4,Infinity,Infinity,NaN,NaN,0.1875,NaN
