mid,dcateCd,scateCd,mcateCd,lcateCd,userOrderCnt,userFirstLastOrderPeriod,orderMeanPeriod,userRecentlyOrderPeriod,alpha,beta,lambda,prob,rcp,score
25777355,4100751,3100154,2100015,1100003,2,3,3.0,3,Infinity,Infinity,NaN,NaN,0.05714285714285714,NaN
25800678,4102271,3100414,2100069,1100013,2,11,11.0,11,Infinity,Infinity,NaN,NaN,0.1,NaN
25817050,4104505,3100808,2100142,1100023,3,8,8.0,8,Infinity,Infinity,NaN,NaN,0.08064516129032258,NaN
25842975,4100754,3100155,2100015,1100003,2,18,18.0,18,Infinity,Infinity,NaN,NaN,0.020202020202020204,NaN
