mid,dcateCd,scateCd,mcateCd,lcateCd,userOrderCnt,userFirstLastOrderPeriod,orderMeanPeriod,userRecentlyOrderPeriod,alpha,beta,lambda,prob,rcp,score
6619202,4103533,3100631,2100103,1100019,2,16,16.0,16,Infinity,Infinity,NaN,NaN,0.06329113924050633,NaN
6624290,4104267,3100753,2100134,1100022,2,1,1.0,1,Infinity,Infinity,NaN,NaN,0.038461538461538464,NaN
6710635,4105738,3101052,2100201,1100034,2,1,1.0,1,Infinity,Infinity,NaN,NaN,,
6719172,4103170,3100572,2100094,1100017,2,4,4.0,4,Infinity,Infinity,NaN,NaN,0.15350877192982457,NaN
6721706,4101963,3100370,2100062,1100011,2,1,1.0,1,Infinity,Infinity,NaN,NaN,0.08,NaN
