mid,dcateCd,scateCd,mcateCd,lcateCd,userOrderCnt,userFirstLastOrderPeriod,orderMeanPeriod,userRecentlyOrderPeriod,alpha,beta,lambda,prob,rcp,score
9254254,4103811,3100961,2100186,1100017,2,36,36.0,36,Infinity,Infinity,NaN,NaN,0.05263157894736842,NaN
9258496,4104054,3100714,2100122,1100020,2,15,15.0,15,Infinity,Infinity,NaN,NaN,0.08415841584158416,NaN
9284917,4103094,3100559,2100093,1100017,3,18,18.0,18,Infinity,Infinity,NaN,NaN,0.050724637681159424,NaN
9308453,4103689,3100651,2100108,1100019,4,10,10.0,10,Infinity,Infinity,NaN,NaN,0.06529209621993128,NaN
9332338,4100020,3100003,2100000,1100000,2,23,23.0,23,Infinity,Infinity,NaN,NaN,0.13333333333333333,NaN
