mid,dcateCd,scateCd,mcateCd,lcateCd,userOrderCnt,userFirstLastOrderPeriod,orderMeanPeriod,userRecentlyOrderPeriod,alpha,beta,lambda,prob,rcp,score
9144119,4101334,3100254,2100035,1100006,7,4,4.0,4,Infinity,Infinity,NaN,NaN,0.3333333333333333,NaN
9169652,4105447,3100934,2100181,1100005,2,14,14.0,14,Infinity,Infinity,NaN,NaN,0.40816326530612246,NaN
9176745,4101845,3100351,2100058,1100010,2,3,3.0,3,Infinity,Infinity,NaN,NaN,0.05333333333333334,NaN
9239035,4102128,3100392,2100064,1100011,2,21,21.0,21,Infinity,Infinity,NaN,NaN,0.0625,NaN
9239035,4102068,3100385,2100064,1100011,2,16,16.0,16,Infinity,Infinity,NaN,NaN,0.058823529411764705,NaN
