mid,dcateCd,scateCd,mcateCd,lcateCd,userOrderCnt,userFirstLastOrderPeriod,orderMeanPeriod,userRecentlyOrderPeriod,alpha,beta,lambda,prob,rcp,score
12469400,4105738,3101052,2100201,1100034,2,1,1.0,1,Infinity,Infinity,NaN,NaN,,
1247716,4101100,3100207,2100026,1100005,2,26,26.0,26,Infinity,Infinity,NaN,NaN,0.07936507936507936,NaN
12494019,232063802,232063800,232060000,232000000,2,7,7.0,7,Infinity,Infinity,NaN,NaN,0.07397260273972603,NaN
12507249,4101844,3100351,2100058,1100010,2,1,1.0,1,Infinity,Infinity,NaN,NaN,0.06818181818181818,NaN
12508332,4102818,3100505,2100085,1100014,2,1,1.0,1,Infinity,Infinity,NaN,NaN,0.045454545454545456,NaN
