mid,dcateCd,scateCd,mcateCd,lcateCd,userOrderCnt,userFirstLastOrderPeriod,orderMeanPeriod,userRecentlyOrderPeriod,alpha,beta,lambda,prob,rcp,score
23259273,238010201,238010200,238010000,238000000,2,20,20.0,20,Infinity,Infinity,NaN,NaN,0.02356902356902357,NaN
23298193,4104132,3100728,2100125,1100020,2,2,2.0,2,Infinity,Infinity,NaN,NaN,0.3333333333333333,NaN
23329896,4101954,3100369,2100061,1100011,2,7,7.0,7,Infinity,Infinity,NaN,NaN,,
23349936,4105738,3101052,2100201,1100034,2,1,1.0,1,Infinity,Infinity,NaN,NaN,,
