mid,dcateCd,scateCd,mcateCd,lcateCd,userOrderCnt,userFirstLastOrderPeriod,orderMeanPeriod,userRecentlyOrderPeriod,alpha,beta,lambda,prob,rcp,score
2729925,4105738,3101052,2100201,1100034,2,1,1.0,1,Infinity,Infinity,NaN,NaN,,
2732285,4105738,3101052,2100201,1100034,2,1,1.0,1,Infinity,Infinity,NaN,NaN,,
2733872,4100362,3100063,2100009,1100002,2,1,1.0,1,Infinity,Infinity,NaN,NaN,0.08888888888888889,NaN
2765742,233090103,233090100,233090000,233000000,2,30,30.0,30,Infinity,Infinity,NaN,NaN,0.08842652795838751,NaN
2849081,4105738,3101052,2100201,1100034,2,1,1.0,1,Infinity,Infinity,NaN,NaN,,
