mid,dcateCd,scateCd,mcateCd,lcateCd,userOrderCnt,userFirstLastOrderPeriod,orderMeanPeriod,userRecentlyOrderPeriod,alpha,beta,lambda,prob,rcp,score
5474344,4100174,3100029,2100006,1100001,2,1,1.0,1,Infinity,Infinity,NaN,NaN,0.06451612903225806,NaN
5484511,4105113,3100902,2100169,1100027,2,5,5.0,5,Infinity,Infinity,NaN,NaN,0.125,NaN
5485363,4100345,3100059,2100007,1100001,2,1,1.0,1,Infinity,Infinity,NaN,NaN,0.23809523809523808,NaN
5532990,4102090,3100388,2100064,1100011,2,2,2.0,2,Infinity,Infinity,NaN,NaN,0.10526315789473684,NaN
5534655,4104343,3100769,2100136,1100022,2,1,1.0,1,Infinity,Infinity,NaN,NaN,0.02830188679245283,NaN
