mid,dcateCd,scateCd,mcateCd,lcateCd,userOrderCnt,userFirstLastOrderPeriod,orderMeanPeriod,userRecentlyOrderPeriod,alpha,beta,lambda,prob,rcp,score
7954118,4105738,3101052,2100201,1100034,2,1,1.0,1,Infinity,Infinity,NaN,NaN,,
8005339,4105208,3100922,2100177,1100017,2,1,1.0,1,Infinity,Infinity,NaN,NaN,0.0970873786407767,NaN
8021265,4103376,3100607,2100097,1100018,2,22,22.0,22,Infinity,Infinity,NaN,NaN,0.046153846153846156,NaN
8025905,4101442,3100273,2100039,1100007,2,6,6.0,6,Infinity,Infinity,NaN,NaN,0.12962962962962962,NaN
8028086,4103482,3100623,2100101,1100019,2,14,14.0,14,Infinity,Infinity,NaN,NaN,0.2,NaN
