mid,dcateCd,scateCd,mcateCd,lcateCd,userOrderCnt,userFirstLastOrderPeriod,orderMeanPeriod,userRecentlyOrderPeriod,alpha,beta,lambda,prob,rcp,score
8623522,4101769,3100340,2100056,1100010,2,1,1.0,1,Infinity,Infinity,NaN,NaN,0.25,NaN
8657310,4101428,3100272,2100039,1100007,2,14,14.0,14,Infinity,Infinity,NaN,NaN,0.023809523809523808,NaN
8736566,232062102,232062100,232060000,232000000,2,14,14.0,14,Infinity,Infinity,NaN,NaN,0.028169014084507043,NaN
8747091,4105738,3101052,2100201,1100034,2,1,1.0,1,Infinity,Infinity,NaN,NaN,,
