mid,dcateCd,scateCd,mcateCd,lcateCd,userOrderCnt,userFirstLastOrderPeriod,orderMeanPeriod,userRecentlyOrderPeriod,alpha,beta,lambda,prob,rcp,score
24913331,4100606,3100118,2100189,1100002,2,6,6.0,6,Infinity,Infinity,NaN,NaN,0.0365296803652968,NaN
24915642,238060202,238060200,238060000,238000000,2,2,2.0,2,Infinity,Infinity,NaN,NaN,0.05263157894736842,NaN
24937952,4102314,3100423,2100070,1100013,2,2,2.0,2,Infinity,Infinity,NaN,NaN,0.07142857142857142,NaN
24940711,4103735,3100659,2100110,1100019,2,5,5.0,5,Infinity,Infinity,NaN,NaN,0.14035087719298245,NaN
24966613,4101976,3100373,2100062,1100011,2,2,2.0,2,Infinity,Infinity,NaN,NaN,0.17073170731707318,NaN
