mid,dcateCd,scateCd,mcateCd,lcateCd,userOrderCnt,userFirstLastOrderPeriod,orderMeanPeriod,userRecentlyOrderPeriod,alpha,beta,lambda,prob,rcp,score
23425850,4102539,3100468,2100077,1100013,4,1,1.0,1,Infinity,Infinity,NaN,NaN,0.038461538461538464,NaN
23502407,4102312,3100422,2100070,1100013,3,4,2.0,2,Infinity,Infinity,NaN,NaN,0.02247191011235955,NaN
23609526,4103688,3100651,2100108,1100019,2,1,1.0,1,Infinity,Infinity,NaN,NaN,0.037333333333333336,NaN
23654162,4101114,3100210,2100028,1100005,2,2,2.0,2,Infinity,Infinity,NaN,NaN,0.21505376344086022,NaN
23665729,4101785,3100341,2100056,1100010,4,15,15.0,15,Infinity,Infinity,NaN,NaN,0.34545454545454546,NaN
