mid,dcateCd,scateCd,mcateCd,lcateCd,userOrderCnt,userFirstLastOrderPeriod,orderMeanPeriod,userRecentlyOrderPeriod,alpha,beta,lambda,prob,rcp,score
4048685,4102533,3100466,2100077,1100013,2,1,1.0,1,Infinity,Infinity,NaN,NaN,0.0625,NaN
4061755,4105611,3100998,2100029,1100005,2,3,3.0,3,Infinity,Infinity,NaN,NaN,0.23076923076923078,NaN
4063555,4100580,3100112,2100011,1100002,2,1,1.0,1,Infinity,Infinity,NaN,NaN,0.025835866261398176,NaN
4078397,4100532,3100103,2100010,1100002,2,11,11.0,11,Infinity,Infinity,NaN,NaN,0.07784431137724551,NaN
4083844,4105524,3100945,2100182,1100005,8,54,54.0,54,Infinity,Infinity,NaN,NaN,0.5,NaN
