mid,dcateCd,scateCd,mcateCd,lcateCd,userOrderCnt,userFirstLastOrderPeriod,orderMeanPeriod,userRecentlyOrderPeriod,alpha,beta,lambda,prob,rcp,score
19977927,4104481,3100803,2100144,1100023,2,12,12.0,12,Infinity,Infinity,NaN,NaN,0.05714285714285714,NaN
19979388,4100493,3100093,2100010,1100002,4,1,1.0,1,Infinity,Infinity,NaN,NaN,0.016260162601626018,NaN
20013092,4101501,3100284,2100042,1100008,2,12,12.0,12,Infinity,Infinity,NaN,NaN,0.044642857142857144,NaN
20016611,4102404,3100446,2100076,1100013,2,1,1.0,1,Infinity,Infinity,NaN,NaN,0.08163265306122448,NaN
