mid,dcateCd,scateCd,mcateCd,lcateCd,userOrderCnt,userFirstLastOrderPeriod,orderMeanPeriod,userRecentlyOrderPeriod,alpha,beta,lambda,prob,rcp,score
22056649,232062802,232062800,232060000,232000000,2,1,1.0,1,Infinity,Infinity,NaN,NaN,0.05622489959839357,NaN
22088296,4101828,3100348,2100057,1100010,3,1,1.0,1,Infinity,Infinity,NaN,NaN,0.5,NaN
22112446,4101411,3100268,2100037,1100007,2,1,1.0,1,Infinity,Infinity,NaN,NaN,0.04329004329004329,NaN
22166920,4103223,3100580,2100095,1100018,2,41,41.0,41,Infinity,Infinity,NaN,NaN,0.03125,NaN
22261211,232010101,232010100,232010000,232000000,2,3,3.0,3,Infinity,Infinity,NaN,NaN,0.05555555555555555,NaN
