mid,dcateCd,scateCd,mcateCd,lcateCd,userOrderCnt,userFirstLastOrderPeriod,orderMeanPeriod,userRecentlyOrderPeriod,alpha,beta,lambda,prob,rcp,score
25252686,4104439,3100795,2100141,1100022,2,1,1.0,1,Infinity,Infinity,NaN,NaN,0.0625,NaN
25261663,4102787,3100500,2100081,1100014,2,61,61.0,61,Infinity,Infinity,NaN,NaN,0.08695652173913043,NaN
25294972,4105644,3100302,2100046,1100009,2,13,13.0,13,Infinity,Infinity,NaN,NaN,,
25370532,4102059,3100384,2100063,1100011,2,5,5.0,5,Infinity,Infinity,NaN,NaN,0.09090909090909091,NaN
2537988,4105738,3101052,2100201,1100034,2,1,1.0,1,Infinity,Infinity,NaN,NaN,,
