mid,dcateCd,scateCd,mcateCd,lcateCd,userOrderCnt,userFirstLastOrderPeriod,orderMeanPeriod,userRecentlyOrderPeriod,alpha,beta,lambda,prob,rcp,score
2993623,232062601,232062600,232060000,232000000,2,35,35.0,35,Infinity,Infinity,NaN,NaN,0.09375,NaN
3000439,4104744,3100845,2100152,1100024,2,4,4.0,4,Infinity,Infinity,NaN,NaN,0.09090909090909091,NaN
3059024,4105738,3101052,2100201,1100034,2,1,1.0,1,Infinity,Infinity,NaN,NaN,,
3065059,4103176,3100572,2100094,1100017,2,3,3.0,3,Infinity,Infinity,NaN,NaN,0.04,NaN
3069037,4101374,3100262,2100030,1100006,2,1,1.0,1,Infinity,Infinity,NaN,NaN,0.04048582995951417,NaN
