mid,dcateCd,scateCd,mcateCd,lcateCd,userOrderCnt,userFirstLastOrderPeriod,orderMeanPeriod,userRecentlyOrderPeriod,alpha,beta,lambda,prob,rcp,score
3180043,4105738,3101052,2100201,1100034,2,1,1.0,1,Infinity,Infinity,NaN,NaN,,
3189238,4102339,3100428,2100072,1100013,2,1,1.0,1,Infinity,Infinity,NaN,NaN,0.0410958904109589,NaN
3205131,4100286,3100049,2100008,1100001,4,6,6.0,6,Infinity,Infinity,NaN,NaN,0.02185792349726776,NaN
3212860,4100449,3100083,2100009,1100002,2,1,1.0,1,Infinity,Infinity,NaN,NaN,0.03139013452914798,NaN
3251602,4101125,3100211,2100028,1100005,7,1,1.0,1,Infinity,Infinity,NaN,NaN,0.10714285714285714,NaN
