mid,dcateCd,scateCd,mcateCd,lcateCd,userOrderCnt,userFirstLastOrderPeriod,orderMeanPeriod,userRecentlyOrderPeriod,alpha,beta,lambda,prob,rcp,score
10888666,4100406,3100071,2100009,1100002,3,1,1.0,1,Infinity,Infinity,NaN,NaN,0.04291845493562232,NaN
10907226,4102509,3100462,2100077,1100013,2,2,2.0,2,Infinity,Infinity,NaN,NaN,0.07758620689655173,NaN
10965650,4100583,3100113,2100011,1100002,2,15,15.0,15,Infinity,Infinity,NaN,NaN,0.02962962962962963,NaN
10983871,235060403,235060400,235060000,235000000,2,2,2.0,2,Infinity,Infinity,NaN,NaN,0.08333333333333333,NaN
11092194,4100194,3100033,2100006,1100001,2,1,1.0,1,Infinity,Infinity,NaN,NaN,0.07317073170731707,NaN
