mid,dcateCd,scateCd,mcateCd,lcateCd,userOrderCnt,userFirstLastOrderPeriod,orderMeanPeriod,userRecentlyOrderPeriod,alpha,beta,lambda,prob,rcp,score
7272485,4103231,3100581,2100095,1100018,2,12,12.0,12,Infinity,Infinity,NaN,NaN,0.2857142857142857,NaN
7273429,4101894,3100360,2100060,1100010,3,2,2.0,2,Infinity,Infinity,NaN,NaN,0.05555555555555555,NaN
7294780,4104664,3100832,2100150,1100023,2,6,6.0,6,Infinity,Infinity,NaN,NaN,0.021052631578947368,NaN
7303564,4105276,3100198,2100025,1100005,2,8,8.0,8,Infinity,Infinity,NaN,NaN,0.2,NaN
7311605,232060201,232060200,232060000,232000000,3,28,28.0,28,Infinity,Infinity,NaN,NaN,0.06060606060606061,NaN
