mid,dcateCd,scateCd,mcateCd,lcateCd,userOrderCnt,userFirstLastOrderPeriod,orderMeanPeriod,userRecentlyOrderPeriod,alpha,beta,lambda,prob,rcp,score
5430386,4103702,3100653,2100109,1100019,2,8,8.0,8,Infinity,Infinity,NaN,NaN,0.125,NaN
5432468,4102922,3100525,2100089,1100016,2,2,2.0,2,Infinity,Infinity,NaN,NaN,0.046511627906976744,NaN
5435679,4103234,3100581,2100095,1100018,2,3,3.0,3,Infinity,Infinity,NaN,NaN,,
5450669,4104705,3100840,2100152,1100024,2,1,1.0,1,Infinity,Infinity,NaN,NaN,0.27358490566037735,NaN
5461397,4103280,3100589,2100095,1100018,2,1,1.0,1,Infinity,Infinity,NaN,NaN,0.09523809523809523,NaN
