mid,dcateCd,scateCd,mcateCd,lcateCd,userOrderCnt,userFirstLastOrderPeriod,orderMeanPeriod,userRecentlyOrderPeriod,alpha,beta,lambda,prob,rcp,score
1178749,4104535,3100812,2100146,1100023,3,2,2.0,2,Infinity,Infinity,NaN,NaN,0.3333333333333333,NaN
11820650,4100044,3100007,2100002,1100000,2,95,95.0,95,Infinity,Infinity,NaN,NaN,0.03076923076923077,NaN
11826898,4101907,3100361,2100060,1100010,2,2,2.0,2,Infinity,Infinity,NaN,NaN,0.06896551724137931,NaN
11905817,4101669,3100317,2100049,1100009,2,5,5.0,5,Infinity,Infinity,NaN,NaN,0.01932367149758454,NaN
11906511,4102191,3100400,2100066,1100012,2,1,1.0,1,Infinity,Infinity,NaN,NaN,0.08333333333333333,NaN
