mid,dcateCd,scateCd,mcateCd,lcateCd,userOrderCnt,userFirstLastOrderPeriod,orderMeanPeriod,userRecentlyOrderPeriod,alpha,beta,lambda,prob,rcp,score
8338603,4102464,3100453,2100077,1100013,3,22,22.0,22,Infinity,Infinity,NaN,NaN,0.09090909090909091,NaN
8394199,4101846,3100352,2100058,1100010,2,1,1.0,1,Infinity,Infinity,NaN,NaN,0.07407407407407407,NaN
8473976,4101677,3100319,2100049,1100009,2,3,3.0,3,Infinity,Infinity,NaN,NaN,0.06097560975609756,NaN
8501642,233090604,233090600,233090000,233000000,2,30,30.0,30,Infinity,Infinity,NaN,NaN,0.10077519379844961,NaN
