mid,dcateCd,scateCd,mcateCd,lcateCd,userOrderCnt,userFirstLastOrderPeriod,orderMeanPeriod,userRecentlyOrderPeriod,alpha,beta,lambda,prob,rcp,score
20226368,233080109,233080100,233080000,233000000,2,71,71.0,71,Infinity,Infinity,NaN,NaN,0.07920792079207921,NaN
2024886,4105738,3101052,2100201,1100034,2,1,1.0,1,Infinity,Infinity,NaN,NaN,,
20265008,4101198,3100223,2100032,1100006,2,8,8.0,8,Infinity,Infinity,NaN,NaN,0.05357142857142857,NaN
20363639,4105004,3100883,2100162,1100026,3,64,64.0,64,Infinity,Infinity,NaN,NaN,0.21666666666666667,NaN
20366655,4105426,3100979,2100180,1100005,2,8,8.0,8,Infinity,Infinity,NaN,NaN,0.4,NaN
