mid,dcateCd,scateCd,mcateCd,lcateCd,userOrderCnt,userFirstLastOrderPeriod,orderMeanPeriod,userRecentlyOrderPeriod,alpha,beta,lambda,prob,rcp,score
6967010,4100291,3100050,2100007,1100001,2,1,1.0,1,Infinity,Infinity,NaN,NaN,0.039473684210526314,NaN
6969003,4102987,3100535,2100090,1100016,2,6,6.0,6,Infinity,Infinity,NaN,NaN,0.07450980392156863,NaN
6971346,4101900,3100360,2100060,1100010,2,27,27.0,27,Infinity,Infinity,NaN,NaN,0.029850746268656716,NaN
6977726,235030101,235030100,235030000,235000000,2,1,1.0,1,Infinity,Infinity,NaN,NaN,0.06389776357827476,NaN
6995785,232030801,232030800,232030000,232000000,2,6,6.0,6,Infinity,Infinity,NaN,NaN,0.14388489208633093,NaN
