mid,dcateCd,scateCd,mcateCd,lcateCd,userOrderCnt,userFirstLastOrderPeriod,orderMeanPeriod,userRecentlyOrderPeriod,alpha,beta,lambda,prob,rcp,score
16396558,233030106,233030100,233030000,233000000,4,30,30.0,30,Infinity,Infinity,NaN,NaN,0.16411993061865038,NaN
16402636,233030104,233030100,233030000,233000000,2,30,30.0,30,Infinity,Infinity,NaN,NaN,0.14717978848413632,NaN
16420523,4104821,3100856,2100154,1100024,2,11,11.0,11,Infinity,Infinity,NaN,NaN,0.024242424242424242,NaN
1643614,4103141,3100566,2100093,1100017,2,1,1.0,1,Infinity,Infinity,NaN,NaN,0.03208556149732621,NaN
