mid,dcateCd,scateCd,mcateCd,lcateCd,userOrderCnt,userFirstLastOrderPeriod,orderMeanPeriod,userRecentlyOrderPeriod,alpha,beta,lambda,prob,rcp,score
7719934,4104275,3100754,2100134,1100022,2,13,13.0,13,Infinity,Infinity,NaN,NaN,0.10483870967741936,NaN
7732562,4101534,3100292,2100044,1100008,2,3,3.0,3,Infinity,Infinity,NaN,NaN,0.07575757575757576,NaN
7737956,232063802,232063800,232060000,232000000,2,7,7.0,7,Infinity,Infinity,NaN,NaN,0.07397260273972603,NaN
7738428,4104629,3100828,2100150,1100023,2,28,28.0,28,Infinity,Infinity,NaN,NaN,0.02857142857142857,NaN
7753715,4100658,3100132,2100013,1100002,3,8,8.0,8,Infinity,Infinity,NaN,NaN,0.034013605442176874,NaN
