mid,dcateCd,scateCd,mcateCd,lcateCd,userOrderCnt,userFirstLastOrderPeriod,orderMeanPeriod,userRecentlyOrderPeriod,alpha,beta,lambda,prob,rcp,score
19530538,4102332,3100425,2100071,1100013,2,27,27.0,27,Infinity,Infinity,NaN,NaN,0.21739130434782608,NaN
1964112,4102255,3100412,2100069,1100013,2,1,1.0,1,Infinity,Infinity,NaN,NaN,0.058823529411764705,NaN
19661819,233090605,233090600,233090000,233000000,2,1,1.0,1,Infinity,Infinity,NaN,NaN,0.14380530973451328,NaN
19737691,4100235,3100040,2100006,1100001,2,1,1.0,1,Infinity,Infinity,NaN,NaN,0.08653846153846154,NaN
19741323,4101905,3100361,2100060,1100010,2,1,1.0,1,Infinity,Infinity,NaN,NaN,0.1,NaN
