mid,dcateCd,scateCd,mcateCd,lcateCd,userOrderCnt,userFirstLastOrderPeriod,orderMeanPeriod,userRecentlyOrderPeriod,alpha,beta,lambda,prob,rcp,score
23735511,233020127,233020100,233020000,233000000,2,35,35.0,35,Infinity,Infinity,NaN,NaN,0.040268456375838924,NaN
23742130,4102238,3100409,2100069,1100013,2,23,23.0,23,Infinity,Infinity,NaN,NaN,0.05263157894736842,NaN
23823686,4105590,3100212,2100028,1100005,3,1,1.0,1,Infinity,Infinity,NaN,NaN,0.16666666666666666,NaN
23823731,4102022,3100379,2100063,1100011,2,2,2.0,2,Infinity,Infinity,NaN,NaN,0.07142857142857142,NaN
23827795,4104922,3100868,2100156,1100025,2,3,3.0,3,Infinity,Infinity,NaN,NaN,0.05084745762711865,NaN
