mid,dcateCd,scateCd,mcateCd,lcateCd,userOrderCnt,userFirstLastOrderPeriod,orderMeanPeriod,userRecentlyOrderPeriod,alpha,beta,lambda,prob,rcp,score
20046433,4103838,3100679,2100187,1100017,2,9,9.0,9,Infinity,Infinity,NaN,NaN,0.043478260869565216,NaN
20055192,4102908,3100522,2100089,1100016,2,2,2.0,2,Infinity,Infinity,NaN,NaN,0.022727272727272728,NaN
20056600,4105651,3100541,2100091,1100017,2,15,15.0,15,Infinity,Infinity,NaN,NaN,0.05263157894736842,NaN
20057225,232062702,232062700,232060000,232000000,2,3,3.0,3,Infinity,Infinity,NaN,NaN,0.07142857142857142,NaN
20081843,4104902,3100864,2100154,1100024,2,1,1.0,1,Infinity,Infinity,NaN,NaN,0.03333333333333333,NaN
