mid,dcateCd,scateCd,mcateCd,lcateCd,userOrderCnt,userFirstLastOrderPeriod,orderMeanPeriod,userRecentlyOrderPeriod,alpha,beta,lambda,prob,rcp,score
14519004,4103679,3100649,2100108,1100019,2,1,1.0,1,Infinity,Infinity,NaN,NaN,0.05084745762711865,NaN
14546592,4105738,3101052,2100201,1100034,2,1,1.0,1,Infinity,Infinity,NaN,NaN,,
14546667,4102404,3100446,2100076,1100013,2,1,1.0,1,Infinity,Infinity,NaN,NaN,0.08163265306122448,NaN
14659070,4100842,3100169,2100019,1100004,3,2,2.0,2,Infinity,Infinity,NaN,NaN,0.09333333333333334,NaN
