mid,dcateCd,scateCd,mcateCd,lcateCd,userOrderCnt,userFirstLastOrderPeriod,orderMeanPeriod,userRecentlyOrderPeriod,alpha,beta,lambda,prob,rcp,score
25693712,4104347,3100770,2100137,1100022,2,1,1.0,1,Infinity,Infinity,NaN,NaN,0.16279069767441862,NaN
25694745,4104975,3100877,2100161,1100026,2,6,6.0,6,Infinity,Infinity,NaN,NaN,0.034482758620689655,NaN
2570045,4101392,3100266,2100037,1100007,2,92,92.0,92,Infinity,Infinity,NaN,NaN,0.029940119760479042,NaN
25712702,4100495,3100094,2100010,1100002,4,26,26.0,26,Infinity,Infinity,NaN,NaN,0.05405405405405406,NaN
25760733,4101811,3100345,2100056,1100010,2,7,7.0,7,Infinity,Infinity,NaN,NaN,0.06557377049180328,NaN
