mid,dcateCd,scateCd,mcateCd,lcateCd,userOrderCnt,userFirstLastOrderPeriod,orderMeanPeriod,userRecentlyOrderPeriod,alpha,beta,lambda,prob,rcp,score
9785857,4101815,3100346,2100057,1100010,2,3,3.0,3,Infinity,Infinity,NaN,NaN,0.16666666666666666,NaN
9796756,4105093,3100899,2100167,1100027,2,45,45.0,45,Infinity,Infinity,NaN,NaN,0.03278688524590164,NaN
9819482,4101642,3100311,2100048,1100009,2,30,30.0,30,Infinity,Infinity,NaN,NaN,0.14925373134328357,NaN
9853470,4101967,3100371,2100062,1100011,2,4,4.0,4,Infinity,Infinity,NaN,NaN,0.06666666666666667,NaN
9903894,4104072,3100956,2100186,1100017,2,26,26.0,26,Infinity,Infinity,NaN,NaN,0.16,NaN
