mid,dcateCd,scateCd,mcateCd,lcateCd,userOrderCnt,userFirstLastOrderPeriod,orderMeanPeriod,userRecentlyOrderPeriod,alpha,beta,lambda,prob,rcp,score
10017689,4104891,3100863,2100154,1100024,2,1,1.0,1,Infinity,Infinity,NaN,NaN,0.11392405063291139,NaN
10019746,4103141,3100566,2100093,1100017,2,1,1.0,1,Infinity,Infinity,NaN,NaN,0.03208556149732621,NaN
10023760,4104481,3100803,2100144,1100023,2,12,12.0,12,Infinity,Infinity,NaN,NaN,0.05714285714285714,NaN
10048010,4105738,3101052,2100201,1100034,2,1,1.0,1,Infinity,Infinity,NaN,NaN,,
10095299,4105738,3101052,2100201,1100034,2,1,1.0,1,Infinity,Infinity,NaN,NaN,,
