mid,dcateCd,scateCd,mcateCd,lcateCd,userOrderCnt,userFirstLastOrderPeriod,orderMeanPeriod,userRecentlyOrderPeriod,alpha,beta,lambda,prob,rcp,score
10213742,4105740,3101054,2100202,1100035,2,1,1.0,1,Infinity,Infinity,NaN,NaN,0.11363636363636363,NaN
10231614,4103416,3100614,2100098,1100018,2,16,16.0,16,Infinity,Infinity,NaN,NaN,0.08888888888888889,NaN
10237591,4102788,3100500,2100081,1100014,2,31,31.0,31,Infinity,Infinity,NaN,NaN,0.18181818181818182,NaN
1024084,4102319,3100423,2100070,1100013,3,4,4.0,4,Infinity,Infinity,NaN,NaN,0.13513513513513514,NaN
1026853,232063601,232063600,232060000,232000000,2,15,15.0,15,Infinity,Infinity,NaN,NaN,0.14285714285714285,NaN
