mid,dcateCd,scateCd,mcateCd,lcateCd,userOrderCnt,userFirstLastOrderPeriod,orderMeanPeriod,userRecentlyOrderPeriod,alpha,beta,lambda,prob,rcp,score
25570711,4101402,3100266,2100037,1100007,2,5,5.0,5,Infinity,Infinity,NaN,NaN,0.061224489795918366,NaN
25572194,239010201,239010200,239010000,239000000,2,1,1.0,1,Infinity,Infinity,NaN,NaN,0.08478802992518704,NaN
25585166,4102416,3100447,2100076,1100013,3,2,2.0,2,Infinity,Infinity,NaN,NaN,0.06306306306306306,NaN
25601258,4102417,3100447,2100076,1100013,2,4,4.0,4,Infinity,Infinity,NaN,NaN,0.05128205128205128,NaN
